{
    "particles": {
      "number": {
        "value": 100,
      },
      "color": {
        "value": "#ffffff"
      },
      "shape": {
        "type": "circle",
        "stroke": {
          "width": 1,
          "color": "#ccc"
        },
        "image": {
          "src": "img/github.svg",
          "width": 100,
          "height": 100
        }
      },
      "opacity": {
        "value": 0.5,
        "random": true,
        "anim": {
          "enable": false,
          "speed": 1,
        }
      },
      "size": {
        "value": 10,
        "random": false,
        "anim": {
          "enable": false,
          "speed": 30,
        }
      },
      "line_linked": {
        "enable": true,
        "distance": 120,
        "color": "#ffffff",
        "opacity": 0.4,
        "width": 2
      },
      "move": {
        "enable": true,
        "speed":2,
        "direction": "none",
        "straight": false,
        }
      }
    },
    "interactivity": {
      "events": {
        "onhover": {
          "enable": true,
          "mode": "repulse"
        },
        "onclick": {
          "enable": true,
          "mode": "push"
        },
      },
      "modes": {
        "grab": {
          "distance": 800,
          "line_linked": {
            "opacity": 1
          }
        },
        "bubble": {
          "distance": 800,
          "size": 80,
          "duration": 2,
          "opacity": 0.8,
          "speed": 3
        },
        "repulse": {
          "distance": 400,
          "duration": 0.4
        },
        "push": {
          "particles_nb": 4
        },
        "remove": {
          "particles_nb": 2,
        }
      } "retina_detect": true
    }